{"cameraMode":{"drawMode":0,"name":"Shaded","section":"Shading Mode"},"sceneLighting":false,"audioPlay":false,"sceneViewState":{"showFog":false,"showMaterialUpdate":false,"showSkybox":false,"showFlares":false,"showImageEffects":false,"showParticleSystems":false},"in2DMode":false,"pivot":{"x":5.994739532470703,"y":0.4703359603881836,"z":7.238851547241211},"rotation":{"x":0.2977854907512665,"y":0.07436178624629975,"z":-0.023262036964297296,"w":0.9514848589897156},"size":33.63102722167969,"orthographic":false}