{"cameraMode":{"drawMode":0,"name":"Shaded","section":"Shading Mode"},"sceneLighting":false,"audioPlay":false,"sceneViewState":{"showFog":false,"showMaterialUpdate":false,"showSkybox":false,"showFlares":false,"showImageEffects":false,"showParticleSystems":false},"in2DMode":false,"pivot":{"x":1.5342273712158204,"y":-21.64754867553711,"z":3.097362518310547},"rotation":{"x":0.35854244232177737,"y":-0.3762393295764923,"z":0.1607770025730133,"w":0.839114785194397},"size":49.65849304199219,"orthographic":false}