{"cameraMode":{"drawMode":0,"name":"Shaded","section":"Shading Mode"},"sceneLighting":false,"audioPlay":false,"sceneViewState":{"showFog":true,"showMaterialUpdate":false,"showSkybox":false,"showFlares":true,"showImageEffects":true,"showParticleSystems":true},"in2DMode":false,"pivot":{"x":-1.2122999429702759,"y":-5.909999847412109,"z":-2.12280011177063},"rotation":{"x":-0.06024951860308647,"y":-0.027848346158862115,"z":0.0016815384151414037,"w":-0.9977943897247315},"size":22.0,"orthographic":false}